"","ancroum","full_department_name","course_number"
"1","AEROSPC","Aerospace Studies ","135B"
"2","AEROSPC","Aerospace Studies ","2B"
"3","AEROSPC","Aerospace Studies ","1B"
"4","AEROSPC","Aerospace Studies ","100"
"5","AFRICAM","African American Studies ","10B"
"6","AFRICAM","African American Studies ","153C"
"7","AFRICAM","African American Studies ","156AC"
"8","AFRICAM","African American Studies ","158B"
"9","AFRICAM","African American Studies ","142AC"
"10","AFRICAM","African American Studies ","15B"
"11","AFRICAM","African American Studies ","112B"
"12","AFRICAM","African American Studies ","115"
"13","AFRICAM","African American Studies ","117"
"14","AFRICAM","African American Studies ","11B"
"15","AFRICAM","African American Studies ","122"
"16","AFRICAM","African American Studies ","138"
"17","AFRICAM","African American Studies ","139"
"18","AFRICAM","African American Studies ","98"
"19","AFRICAM","African American Studies ","H195A"
"20","AFRICAM","African American Studies ","H195B"
"21","AFRICAM","African American Studies ","R1A"
"22","AFRICAM","African American Studies ","159"
"23","AFRICAM","African American Studies ","24"
"24","AFRICAM","African American Studies ","28AC"
"25","AFRICAM","African American Studies ","197"
"26","AFRICAM","African American Studies ","198"
"27","AFRICAM","African American Studies ","7B"
"28","AFRICAM","African American Studies ","30B"
"29","AFRICAM","African American Studies ","5B"
"30","AFRICAM","African American Studies ","R1B"
"31","AMERSTD","American Studies ","102"
"32","AMERSTD","American Studies ","10"
"33","AMERSTD","American Studies ","C172"
"34","AMERSTD","American Studies ","139AC"
"35","AMERSTD","American Studies ","101"
"36","AMERSTD","American Studies ","C112B"
"37","AMERSTD","American Studies ","H110"
"38","AMERSTD","American Studies ","191"
"39","AMERSTD","American Studies ","H195"
"40","ANTHRO","Anthropology ","115"
"41","ANTHRO","Anthropology ","114"
"42","ANTHRO","Anthropology ","124A"
"43","ANTHRO","Anthropology ","119"
"44","ANTHRO","Anthropology ","1"
"45","ANTHRO","Anthropology ","162"
"46","ANTHRO","Anthropology ","169C"
"47","ANTHRO","Anthropology ","170"
"48","ANTHRO","Anthropology ","181"
"49","ANTHRO","Anthropology ","121C"
"50","ANTHRO","Anthropology ","189A"
"51","ANTHRO","Anthropology ","128"
"52","ANTHRO","Anthropology ","128M"
"53","ANTHRO","Anthropology ","129A"
"54","ANTHRO","Anthropology ","137"
"55","ANTHRO","Anthropology ","138B"
"56","ANTHRO","Anthropology ","149"
"57","ANTHRO","Anthropology ","156"
"58","ANTHRO","Anthropology ","R5B"
"59","ANTHRO","Anthropology ","98"
"60","ANTHRO","Anthropology ","C100"
"61","ANTHRO","Anthropology ","2"
"62","ANTHRO","Anthropology ","189"
"63","ANTHRO","Anthropology ","C147B"
"64","ANTHRO","Anthropology ","C125A"
"65","ANTHRO","Anthropology ","3AC"
"66","ARABIC","Arabic ","108"
"67","ARABIC","Arabic ","100B"
"68","ARABIC","Arabic ","111B"
"69","ARABIC","Arabic ","20B"
"70","ARABIC","Arabic ","1B"
"71","ARCH","Architecture ","102B"
"72","ARCH","Architecture ","169"
"73","ARCH","Architecture ","179"
"74","ARCH","Architecture ","198"
"75","ARCH","Architecture ","24"
"76","ARCH","Architecture ","100D"
"77","ARCH","Architecture ","100B"
"78","ARCH","Architecture ","109"
"79","ARCH","Architecture ","139"
"80","ARCH","Architecture ","140"
"81","ARCH","Architecture ","154"
"82","ARCH","Architecture ","160"
"83","ARCH","Architecture ","170B"
"84","ART","Practice of Art","98"
"85","ART","Practice of Art","132"
"86","ART","Practice of Art","138"
"87","ART","Practice of Art","141"
"88","ART","Practice of Art","171"
"89","ART","Practice of Art","165"
"90","ART","Practice of Art","185"
"91","ART","Practice of Art","14"
"92","ART","Practice of Art","102"
"93","ART","Practice of Art","178"
"94","ART","Practice of Art","H195B"
"95","ART","Practice of Art","13"
"96","ART","Practice of Art","198"
"97","ART","Practice of Art","117"
"98","ART","Practice of Art","118"
"99","ART","Practice of Art","119"
"100","ART","Practice of Art","120"
"101","ART","Practice of Art","99"
"102","ART","Practice of Art","H195A"
"103","ART","Practice of Art","123"
"104","ART","Practice of Art","12"
"105","ART","Practice of Art","8"
"106","ASAMST","Asian American Studies Program ","199"
"107","ASAMST","Asian American Studies Program ","97"
"108","ASAMST","Asian American Studies Program ","98"
"109","ASAMST","Asian American Studies Program ","99"
"110","ASAMST","Asian American Studies Program ","H195B"
"111","ASAMST","Asian American Studies Program ","R2A"
"112","ASAMST","Asian American Studies Program ","R2B"
"113","ASAMST","Asian American Studies Program ","176"
"114","ASAMST","Asian American Studies Program ","190"
"115","ASAMST","Asian American Studies Program ","195"
"116","ASAMST","Asian American Studies Program ","197"
"117","ASAMST","Asian American Studies Program ","198"
"118","ASAMST","Asian American Studies Program ","145"
"119","ASAMST","Asian American Studies Program ","20B"
"120","ASAMST","Asian American Studies Program ","131"
"121","ASAMST","Asian American Studies Program ","132AC"
"122","ASAMST","Asian American Studies Program ","175"
"123","ASAMST","Asian American Studies Program ","146"
"124","ASAMST","Asian American Studies Program ","150"
"125","ASAMST","Asian American Studies Program ","171"
"126","ASIANST","Asian Studies ","H195B"
"127","ASIANST","Asian Studies ","198"
"128","ASIANST","Asian Studies ","199"
"129","ASIANST","Asian Studies ","98"
"130","ASIANST","Asian Studies ","H195A"
"131","ASIANST","Asian Studies ","150"
"132","ASTRON","Astronomy ","121"
"133","ASTRON","Astronomy ","198"
"134","ASTRON","Astronomy ","3"
"135","ASTRON","Astronomy ","7B"
"136","ASTRON","Astronomy ","98"
"137","ASTRON","Astronomy ","99"
"138","ASTRON","Astronomy ","C10"
"139","ASTRON","Astronomy ","C161"
"140","ASTRON","Astronomy ","H195"
"141","BANGLA","Bengali ","101B"
"142","BIO ENG","Bioengineering ","110"
"143","BIO ENG","Bioengineering ","25"
"144","BIO ENG","Bioengineering ","98"
"145","BIO ENG","Bioengineering ","99"
"146","BIO ENG","Bioengineering ","C112"
"147","BIO ENG","Bioengineering ","H194"
"148","BIO ENG","Bioengineering ","116"
"149","BIO ENG","Bioengineering ","121"
"150","BIO ENG","Bioengineering ","121L"
"151","BIO ENG","Bioengineering ","151"
"152","BIO ENG","Bioengineering ","163L"
"153","BIO ENG","Bioengineering ","196"
"154","BIO ENG","Bioengineering ","198"
"155","BIO ENG","Bioengineering ","199"
"156","BIO ENG","Bioengineering ","101"
"157","BIO ENG","Bioengineering ","104"
"158","BIO ENG","Bioengineering ","168L"
"159","BIO ENG","Bioengineering ","111"
"160","BIO ENG","Bioengineering ","115"
"161","BIOLOGY","Biology ","1A"
"162","BIOLOGY","Biology ","1AL"
"163","BIOLOGY","Biology ","1B"
"164","BIOPHY","Biophysics ","H196"
"165","BUDDSTD","Buddhist Studies ","190"
"166","BUDDSTD","Buddhist Studies ","C128"
"167","CATALAN","Catalan ","101"
"168","CELTIC","Celtic Studies ","145B"
"169","CELTIC","Celtic Studies ","105A"
"170","CELTIC","Celtic Studies ","128"
"171","CELTIC","Celtic Studies ","129"
"172","CELTIC","Celtic Studies ","161"
"173","CELTIC","Celtic Studies ","170"
"174","CELTIC","Celtic Studies ","173"
"175","CELTIC","Celtic Studies ","198"
"176","CELTIC","Celtic Studies ","199"
"177","CELTIC","Celtic Studies ","86"
"178","CELTIC","Celtic Studies ","98"
"179","CELTIC","Celtic Studies ","R1B"
"180","CELTIC","Celtic Studies ","99"
"181","CELTIC","Celtic Studies ","H195A"
"182","CELTIC","Celtic Studies ","H195B"
"183","CHEM","Chemistry ","1B"
"184","CHEM","Chemistry ","105"
"185","CHEM","Chemistry ","1AL"
"186","CHEM","Chemistry ","3B"
"187","CHEM","Chemistry ","24"
"188","CHEM","Chemistry ","3A"
"189","CHEM","Chemistry ","3AL"
"190","CHEM","Chemistry ","192"
"191","CHEM","Chemistry ","3BL"
"192","CHEM","Chemistry ","49"
"193","CHEM","Chemistry ","1A"
"194","CHEM","Chemistry ","104B"
"195","CHEM","Chemistry ","C178"
"196","CHEM","Chemistry ","C182"
"197","CHEM","Chemistry ","112B"
"198","CHEM","Chemistry ","114"
"199","CHEM","Chemistry ","115"
"200","CHEM","Chemistry ","120A"
"201","CHEM","Chemistry ","125"
"202","CHEM","Chemistry ","130B"
"203","CHEM","Chemistry ","135"
"204","CHEM","Chemistry ","196"
"205","CHEM","Chemistry ","199"
"206","CHEM","Chemistry ","C130"
"207","CHEM","Chemistry ","C150"
"208","CHEM","Chemistry ","4B"
"209","CHEM","Chemistry ","146"
"210","CHEM","Chemistry ","H194"
"211","CHEM","Chemistry ","C110L"
"212","CHEM","Chemistry ","149"
"213","CHEM","Chemistry ","98"
"214","CHICANO","Chicano Studies Program ","20"
"215","CHICANO","Chicano Studies Program ","24"
"216","CHICANO","Chicano Studies Program ","135B"
"217","CHICANO","Chicano Studies Program ","143"
"218","CHICANO","Chicano Studies Program ","150B"
"219","CHICANO","Chicano Studies Program ","172"
"220","CHICANO","Chicano Studies Program ","197"
"221","CHICANO","Chicano Studies Program ","198"
"222","CHICANO","Chicano Studies Program ","159"
"223","CHICANO","Chicano Studies Program ","195"
"224","CHICANO","Chicano Studies Program ","97"
"225","CHICANO","Chicano Studies Program ","98"
"226","CHICANO","Chicano Studies Program ","199"
"227","CHICANO","Chicano Studies Program ","H195B"
"228","CHICANO","Chicano Studies Program ","R1A"
"229","CHICANO","Chicano Studies Program ","176"
"230","CHICANO","Chicano Studies Program ","99"
"231","CHICANO","Chicano Studies Program ","180"
"232","CHICANO","Chicano Studies Program ","R1B"
"233","CHINESE","Chinese ","112"
"234","CHINESE","Chinese ","10X"
"235","CHINESE","Chinese ","110B"
"236","CHINESE","Chinese ","1B"
"237","CHINESE","Chinese ","130"
"238","CHINESE","Chinese ","10Y"
"239","CHINESE","Chinese ","180"
"240","CHINESE","Chinese ","100XB"
"241","CHINESE","Chinese ","7B"
"242","CHINESE","Chinese ","155"
"243","CHINESE","Chinese ","100B"
"244","CHINESE","Chinese ","10B"
"245","CHINESE","Chinese ","101"
"246","CHM ENG","Chemical Engineering ","170A"
"247","CHM ENG","Chemical Engineering ","197"
"248","CHM ENG","Chemical Engineering ","185"
"249","CHM ENG","Chemical Engineering ","195"
"250","CHM ENG","Chemical Engineering ","196"
"251","CHM ENG","Chemical Engineering ","141"
"252","CHM ENG","Chemical Engineering ","198"
"253","CHM ENG","Chemical Engineering ","24"
"254","CHM ENG","Chemical Engineering ","90"
"255","CHM ENG","Chemical Engineering ","162"
"256","CHM ENG","Chemical Engineering ","150A"
"257","CHM ENG","Chemical Engineering ","154"
"258","CHM ENG","Chemical Engineering ","160"
"259","CHM ENG","Chemical Engineering ","H194"
"260","CHM ENG","Chemical Engineering ","98"
"261","CHM ENG","Chemical Engineering ","C178"
"262","CIV ENG","Civil and Environmental Engineering ","175"
"263","CIV ENG","Civil and Environmental Engineering ","111L"
"264","CIV ENG","Civil and Environmental Engineering ","98"
"265","CIV ENG","Civil and Environmental Engineering ","99"
"266","CIV ENG","Civil and Environmental Engineering ","C106"
"267","CIV ENG","Civil and Environmental Engineering ","171"
"268","CIV ENG","Civil and Environmental Engineering ","C133"
"269","CIV ENG","Civil and Environmental Engineering ","C30"
"270","CIV ENG","Civil and Environmental Engineering ","176"
"271","CIV ENG","Civil and Environmental Engineering ","180"
"272","CIV ENG","Civil and Environmental Engineering ","198"
"273","CIV ENG","Civil and Environmental Engineering ","199"
"274","CIV ENG","Civil and Environmental Engineering ","24"
"275","CIV ENG","Civil and Environmental Engineering ","60"
"276","CIV ENG","Civil and Environmental Engineering ","93"
"277","CIV ENG","Civil and Environmental Engineering ","122L"
"278","CIV ENG","Civil and Environmental Engineering ","123L"
"279","CIV ENG","Civil and Environmental Engineering ","130N"
"280","CIV ENG","Civil and Environmental Engineering ","C116"
"281","CIV ENG","Civil and Environmental Engineering ","100"
"282","CIV ENG","Civil and Environmental Engineering ","103"
"283","CIV ENG","Civil and Environmental Engineering ","107"
"284","CIV ENG","Civil and Environmental Engineering ","11"
"285","CIV ENG","Civil and Environmental Engineering ","121"
"286","CIV ENG","Civil and Environmental Engineering ","112"
"287","CIV ENG","Civil and Environmental Engineering ","114"
"288","CIV ENG","Civil and Environmental Engineering ","120"
"289","CIV ENG","Civil and Environmental Engineering ","155"
"290","CIV ENG","Civil and Environmental Engineering ","165"
"291","CIV ENG","Civil and Environmental Engineering ","H194"
"292","CLASSIC","Classics ","130"
"293","CLASSIC","Classics ","163"
"294","CLASSIC","Classics ","36"
"295","CLASSIC","Classics ","35"
"296","CLASSIC","Classics ","10B"
"297","CLASSIC","Classics ","28"
"298","CLASSIC","Classics ","17B"
"299","COG SCI","Cognitive Science ","131"
"300","COG SCI","Cognitive Science ","1"
"301","COG SCI","Cognitive Science ","C103"
"302","COG SCI","Cognitive Science ","C142"
"303","COG SCI","Cognitive Science ","C101"
"304","COG SCI","Cognitive Science ","C126"
"305","COG SCI","Cognitive Science ","C100"
"306","COG SCI","Cognitive Science ","C140"
"307","COLWRIT","College Writing Program ","10A"
"308","COLWRIT","College Writing Program ","10B"
"309","COLWRIT","College Writing Program ","152"
"310","COLWRIT","College Writing Program ","198"
"311","COLWRIT","College Writing Program ","110"
"312","COLWRIT","College Writing Program ","50AC"
"313","COLWRIT","College Writing Program ","98"
"314","COLWRIT","College Writing Program ","99"
"315","COLWRIT","College Writing Program ","R1A"
"316","COLWRIT","College Writing Program ","R4B"
"317","COLWRIT","College Writing Program ","150AC"
"318","COLWRIT","College Writing Program ","151"
"319","COLWRIT","College Writing Program ","199"
"320","COLWRIT","College Writing Program ","130"
"321","COLWRIT","College Writing Program ","106"
"322","COLWRIT","College Writing Program ","25AC"
"323","COLWRIT","College Writing Program ","1"
"324","COM LIT","Comparative Literature ","112B"
"325","COM LIT","Comparative Literature ","152"
"326","COM LIT","Comparative Literature ","100"
"327","COM LIT","Comparative Literature ","199"
"328","COM LIT","Comparative Literature ","H195"
"329","COM LIT","Comparative Literature ","190"
"330","COM LIT","Comparative Literature ","165"
"331","COM LIT","Comparative Literature ","170"
"332","COM LIT","Comparative Literature ","156"
"333","COM LIT","Comparative Literature ","R1B"
"334","COM LIT","Comparative Literature ","171"
"335","COM LIT","Comparative Literature ","R1A"
"336","COMPSCI","Computer Science ","162"
"337","COMPSCI","Computer Science ","161"
"338","COMPSCI","Computer Science ","61AS"
"339","COMPSCI","Computer Science ","160"
"340","COMPSCI","Computer Science ","186"
"341","COMPSCI","Computer Science ","188"
"342","COMPSCI","Computer Science ","184"
"343","COMPSCI","Computer Science ","9E"
"344","COMPSCI","Computer Science ","9F"
"345","COMPSCI","Computer Science ","9G"
"346","COMPSCI","Computer Science ","9H"
"347","COMPSCI","Computer Science ","47B"
"348","COMPSCI","Computer Science ","164"
"349","COMPSCI","Computer Science ","169"
"350","COMPSCI","Computer Science ","61B"
"351","COMPSCI","Computer Science ","61C"
"352","COMPSCI","Computer Science ","70"
"353","COMPSCI","Computer Science ","98"
"354","COMPSCI","Computer Science ","9C"
"355","COMPSCI","Computer Science ","9D"
"356","COMPSCI","Computer Science ","10"
"357","COMPSCI","Computer Science ","195"
"358","COMPSCI","Computer Science ","198"
"359","COMPSCI","Computer Science ","47A"
"360","COMPSCI","Computer Science ","172"
"361","COMPSCI","Computer Science ","47C"
"362","COMPSCI","Computer Science ","61A"
"363","COMPSCI","Computer Science ","170"
"364","COMPSCI","Computer Science ","189"
"365","COMPSCI","Computer Science ","174"
"366","COMPSCI","Computer Science ","194"
"367","CUNEIF","Cuneiform ","101B"
"368","CUNEIF","Cuneiform ","103B"
"369","CUNEIF","Cuneiform ","100B"
"370","CY PLAN","City and Regional Planning ","116"
"371","CY PLAN","City and Regional Planning ","120"
"372","CY PLAN","City and Regional Planning ","114"
"373","CY PLAN","City and Regional Planning ","198"
"374","CY PLAN","City and Regional Planning ","118AC"
"375","CY PLAN","City and Regional Planning ","190"
"376","CY PLAN","City and Regional Planning ","98"
"377","DEMOG","Demography ","145AC"
"378","DEMOG","Demography ","198"
"379","DEMOG","Demography ","98"
"380","DEMOG","Demography ","C175"
"381","DEV STD","Development Studies ","H195"
"382","DEV STD","Development Studies ","C100"
"383","DUTCH","Dutch ","199"
"384","DUTCH","Dutch ","2"
"385","DUTCH","Dutch ","100"
"386","DUTCH","Dutch ","125"
"387","DUTCH","Dutch ","170"
"388","DUTCH","Dutch ","H196"
"389","EA LANG","East Asian Languages and Cultures ","C128"
"390","EAEURST","East European Studies ","100"
"391","EAEURST","East European Studies ","1B"
"392","ECON","Economics ","136"
"393","ECON","Economics ","131"
"394","ECON","Economics ","138"
"395","ECON","Economics ","140"
"396","ECON","Economics ","124"
"397","ECON","Economics ","141"
"398","ECON","Economics ","197"
"399","ECON","Economics ","198"
"400","ECON","Economics ","199"
"401","ECON","Economics ","161"
"402","ECON","Economics ","151"
"403","ECON","Economics ","152"
"404","ECON","Economics ","155"
"405","ECON","Economics ","191"
"406","ECON","Economics ","196"
"407","ECON","Economics ","84"
"408","ECON","Economics ","C125"
"409","ECON","Economics ","1"
"410","ECON","Economics ","2"
"411","ECON","Economics ","162"
"412","ECON","Economics ","174"
"413","ECON","Economics ","183"
"414","ECON","Economics ","100A"
"415","ECON","Economics ","H195B"
"416","ECON","Economics ","100B"
"417","ECON","Economics ","101A"
"418","ECON","Economics ","121"
"419","ECON","Economics ","113"
"420","ECON","Economics ","C3"
"421","ECON","Economics ","101B"
"422","ECON","Economics ","C181"
"423","ECON","Economics ","C175"
"424","EDUC","Education ","160"
"425","EDUC","Education ","140AC"
"426","EDUC","Education ","183"
"427","EDUC","Education ","130"
"428","EDUC","Education ","114A"
"429","EDUC","Education ","197"
"430","EDUC","Education ","190"
"431","EDUC","Education ","195B"
"432","EDUC","Education ","97"
"433","EDUC","Education ","40AC"
"434","EDUC","Education ","198"
"435","EDUC","Education ","24"
"436","EGYPT","Egyptian ","101B"
"437","EL ENG","Electrical Engineering ","126"
"438","EL ENG","Electrical Engineering ","40"
"439","EL ENG","Electrical Engineering ","127"
"440","EL ENG","Electrical Engineering ","130"
"441","EL ENG","Electrical Engineering ","123"
"442","EL ENG","Electrical Engineering ","134"
"443","EL ENG","Electrical Engineering ","97"
"444","EL ENG","Electrical Engineering ","98"
"445","EL ENG","Electrical Engineering ","122"
"446","EL ENG","Electrical Engineering ","199"
"447","EL ENG","Electrical Engineering ","137B"
"448","EL ENG","Electrical Engineering ","140"
"449","EL ENG","Electrical Engineering ","99"
"450","EL ENG","Electrical Engineering ","142"
"451","EL ENG","Electrical Engineering ","C128"
"452","EL ENG","Electrical Engineering ","H196A"
"453","EL ENG","Electrical Engineering ","H196B"
"454","EL ENG","Electrical Engineering ","120"
"455","EL ENG","Electrical Engineering ","117"
"456","EL ENG","Electrical Engineering ","143"
"457","EL ENG","Electrical Engineering ","192"
"458","EL ENG","Electrical Engineering ","197"
"459","EL ENG","Electrical Engineering ","198"
"460","EL ENG","Electrical Engineering ","105"
"461","ENGIN","Engineering ","177"
"462","ENGIN","Engineering ","194"
"463","ENGIN","Engineering ","120"
"464","ENGIN","Engineering ","147"
"465","ENGIN","Engineering ","198"
"466","ENGIN","Engineering ","45"
"467","ENGIN","Engineering ","7"
"468","ENGIN","Engineering ","98"
"469","ENGLISH","English ","121"
"470","ENGLISH","English ","125A"
"471","ENGLISH","English ","125E"
"472","ENGLISH","English ","130D"
"473","ENGLISH","English ","122"
"474","ENGLISH","English ","179"
"475","ENGLISH","English ","180A"
"476","ENGLISH","English ","180H"
"477","ENGLISH","English ","174"
"478","ENGLISH","English ","131"
"479","ENGLISH","English ","133T"
"480","ENGLISH","English ","141"
"481","ENGLISH","English ","180N"
"482","ENGLISH","English ","143B"
"483","ENGLISH","English ","143N"
"484","ENGLISH","English ","165"
"485","ENGLISH","English ","166"
"486","ENGLISH","English ","120"
"487","ENGLISH","English ","45C"
"488","ENGLISH","English ","80K"
"489","ENGLISH","English ","84"
"490","ENGLISH","English ","98"
"491","ENGLISH","English ","180Z"
"492","ENGLISH","English ","190"
"493","ENGLISH","English ","198"
"494","ENGLISH","English ","143A"
"495","ENGLISH","English ","199"
"496","ENGLISH","English ","24"
"497","ENGLISH","English ","43B"
"498","ENGLISH","English ","45A"
"499","ENGLISH","English ","45B"
"500","ENGLISH","English ","112"
"501","ENGLISH","English ","99"
"502","ENGLISH","English ","H195B"
"503","ENGLISH","English ","R1A"
"504","ENGLISH","English ","118"
"505","ENGLISH","English ","114A"
"506","ENGLISH","English ","117B"
"507","ENGLISH","English ","117S"
"508","ENGLISH","English ","R1B"
"509","ENV DES","Environmental Design ","198"
"510","ENV DES","Environmental Design ","4C"
"511","ENV DES","Environmental Design ","C169B"
"512","ENV DES","Environmental Design ","R3B"
"513","ENV DES","Environmental Design ","4A"
"514","ENV DES","Environmental Design ","1"
"515","ENV DES","Environmental Design ","100"
"516","ENV DES","Environmental Design ","101A"
"517","ENV DES","Environmental Design ","11B"
"518","ENV DES","Environmental Design ","11A"
"519","ENV DES","Environmental Design ","106"
"520","ENVECON","Environmental Economics and Policy ","C101"
"521","ENVECON","Environmental Economics and Policy ","C118"
"522","ENVECON","Environmental Economics and Policy ","C1"
"523","ENVECON","Environmental Economics and Policy ","142"
"524","ENVECON","Environmental Economics and Policy ","143"
"525","ENVECON","Environmental Economics and Policy ","C180"
"526","ENVECON","Environmental Economics and Policy ","100"
"527","ENVECON","Environmental Economics and Policy ","C181"
"528","ENVECON","Environmental Economics and Policy ","C183"
"529","ENVECON","Environmental Economics and Policy ","H196"
"530","ENVECON","Environmental Economics and Policy ","147"
"531","ENVECON","Environmental Economics and Policy ","162"
"532","ENVECON","Environmental Economics and Policy ","195"
"533","ENVECON","Environmental Economics and Policy ","197"
"534","ENVECON","Environmental Economics and Policy ","198"
"535","ENVECON","Environmental Economics and Policy ","199"
"536","EPS","Earth and Planetary Science ","122"
"537","EPS","Earth and Planetary Science ","124"
"538","EPS","Earth and Planetary Science ","116"
"539","EPS","Earth and Planetary Science ","150"
"540","EPS","Earth and Planetary Science ","198"
"541","EPS","Earth and Planetary Science ","100B"
"542","EPS","Earth and Planetary Science ","130"
"543","EPS","Earth and Planetary Science ","C180"
"544","EPS","Earth and Planetary Science ","C182"
"545","EPS","Earth and Planetary Science ","H195"
"546","EPS","Earth and Planetary Science ","108"
"547","EPS","Earth and Planetary Science ","115"
"548","EPS","Earth and Planetary Science ","3"
"549","EPS","Earth and Planetary Science ","50"
"550","EPS","Earth and Planetary Science ","199"
"551","EPS","Earth and Planetary Science ","24"
"552","EPS","Earth and Planetary Science ","102"
"553","EPS","Earth and Planetary Science ","C100"
"554","EPS","Earth and Planetary Science ","104"
"555","EPS","Earth and Planetary Science ","103"
"556","ESPM","Environmental Science, Policy, and Management ","102C"
"557","ESPM","Environmental Science, Policy, and Management ","102D"
"558","ESPM","Environmental Science, Policy, and Management ","111"
"559","ESPM","Environmental Science, Policy, and Management ","100ES"
"560","ESPM","Environmental Science, Policy, and Management ","147"
"561","ESPM","Environmental Science, Policy, and Management ","15"
"562","ESPM","Environmental Science, Policy, and Management ","150"
"563","ESPM","Environmental Science, Policy, and Management ","163AC"
"564","ESPM","Environmental Science, Policy, and Management ","112"
"565","ESPM","Environmental Science, Policy, and Management ","113"
"566","ESPM","Environmental Science, Policy, and Management ","114"
"567","ESPM","Environmental Science, Policy, and Management ","121"
"568","ESPM","Environmental Science, Policy, and Management ","122"
"569","ESPM","Environmental Science, Policy, and Management ","131"
"570","ESPM","Environmental Science, Policy, and Management ","132"
"571","ESPM","Environmental Science, Policy, and Management ","134"
"572","ESPM","Environmental Science, Policy, and Management ","144"
"573","ESPM","Environmental Science, Policy, and Management ","197"
"574","ESPM","Environmental Science, Policy, and Management ","198"
"575","ESPM","Environmental Science, Policy, and Management ","199"
"576","ESPM","Environmental Science, Policy, and Management ","24"
"577","ESPM","Environmental Science, Policy, and Management ","165"
"578","ESPM","Environmental Science, Policy, and Management ","175B"
"579","ESPM","Environmental Science, Policy, and Management ","175L"
"580","ESPM","Environmental Science, Policy, and Management ","181A"
"581","ESPM","Environmental Science, Policy, and Management ","186"
"582","ESPM","Environmental Science, Policy, and Management ","192"
"583","ESPM","Environmental Science, Policy, and Management ","194A"
"584","ESPM","Environmental Science, Policy, and Management ","194B"
"585","ESPM","Environmental Science, Policy, and Management ","195"
"586","ESPM","Environmental Science, Policy, and Management ","C128"
"587","ESPM","Environmental Science, Policy, and Management ","C138"
"588","ESPM","Environmental Science, Policy, and Management ","C148"
"589","ESPM","Environmental Science, Policy, and Management ","C159"
"590","ESPM","Environmental Science, Policy, and Management ","C167"
"591","ESPM","Environmental Science, Policy, and Management ","C180"
"592","ESPM","Environmental Science, Policy, and Management ","C183"
"593","ESPM","Environmental Science, Policy, and Management ","H196"
"594","ESPM","Environmental Science, Policy, and Management ","72"
"595","ESPM","Environmental Science, Policy, and Management ","90"
"596","ESPM","Environmental Science, Policy, and Management ","98"
"597","ESPM","Environmental Science, Policy, and Management ","99"
"598","ESPM","Environmental Science, Policy, and Management ","C11"
"599","ESPM","Environmental Science, Policy, and Management ","C115C"
"600","ESPM","Environmental Science, Policy, and Management ","42"
"601","ESPM","Environmental Science, Policy, and Management ","50AC"
"602","ESPM","Environmental Science, Policy, and Management ","60"
"603","ETH STD","Ethnic Studies ","197"
"604","ETH STD","Ethnic Studies ","190"
"605","ETH STD","Ethnic Studies ","190AC"
"606","ETH STD","Ethnic Studies ","196"
"607","ETH STD","Ethnic Studies ","100"
"608","ETH STD","Ethnic Studies ","101B"
"609","ETH STD","Ethnic Studies ","11AC"
"610","ETH STD","Ethnic Studies ","122AC"
"611","ETH STD","Ethnic Studies ","174"
"612","ETH STD","Ethnic Studies ","176"
"613","ETH STD","Ethnic Studies ","198"
"614","ETH STD","Ethnic Studies ","199"
"615","ETH STD","Ethnic Studies ","24"
"616","ETH STD","Ethnic Studies ","97"
"617","ETH STD","Ethnic Studies ","98"
"618","ETH STD","Ethnic Studies ","99"
"619","ETH STD","Ethnic Studies ","C126"
"620","ETH STD","Ethnic Studies ","H196B"
"621","EURA ST","Eurasian Studies ","1B"
"622","EURA ST","Eurasian Studies ","101B"
"623","FILIPN","Filipino ","100B"
"624","FILIPN","Filipino ","101B"
"625","FILIPN","Filipino ","1B"
"626","FILM","Film Studies ","199"
"627","FILM","Film Studies ","25A"
"628","FILM","Film Studies ","25B"
"629","FILM","Film Studies ","50"
"630","FILM","Film Studies ","98"
"631","FILM","Film Studies ","H195"
"632","FILM","Film Studies ","R1B"
"633","FILM","Film Studies ","140"
"634","FILM","Film Studies ","151"
"635","FILM","Film Studies ","160"
"636","FILM","Film Studies ","180A"
"637","FILM","Film Studies ","186"
"638","FILM","Film Studies ","197B"
"639","FILM","Film Studies ","198"
"640","FILM","Film Studies ","108"
"641","FILM","Film Studies ","128"
"642","FRENCH","French ","140C"
"643","FRENCH","French ","147"
"644","FRENCH","French ","13"
"645","FRENCH","French ","14"
"646","FRENCH","French ","1"
"647","FRENCH","French ","102"
"648","FRENCH","French ","103A"
"649","FRENCH","French ","103B"
"650","FRENCH","French ","118A"
"651","FRENCH","French ","119B"
"652","FRENCH","French ","126"
"653","FRENCH","French ","H195A"
"654","FRENCH","French ","H195B"
"655","FRENCH","French ","R1A"
"656","FRENCH","French ","R1B"
"657","FRENCH","French ","170"
"658","FRENCH","French ","180B"
"659","FRENCH","French ","183A"
"660","FRENCH","French ","197"
"661","FRENCH","French ","199"
"662","FRENCH","French ","2"
"663","FRENCH","French ","3"
"664","FRENCH","French ","35"
"665","FRENCH","French ","4"
"666","GEOG","Geography","137"
"667","GEOG","Geography","130"
"668","GEOG","Geography","H195B"
"669","GEOG","Geography","140A"
"670","GEOG","Geography","20"
"671","GEOG","Geography","50AC"
"672","GEOG","Geography","98"
"673","GEOG","Geography","171"
"674","GEOG","Geography","C136"
"675","GEOG","Geography","C146"
"676","GEOG","Geography","164"
"677","GEOG","Geography","C112"
"678","GEOG","Geography","187"
"679","GEOG","Geography","197"
"680","GEOG","Geography","180"
"681","GEOG","Geography","170"
"682","GEOG","Geography","H195A"
"683","GEOG","Geography","C160B"
"684","GEOG","Geography","183"
"685","GERMAN","German","101"
"686","GERMAN","German","110"
"687","GERMAN","German","2"
"688","GERMAN","German","3"
"689","GERMAN","German","198"
"690","GERMAN","German","100"
"691","GERMAN","German","R5B"
"692","GERMAN","German","98"
"693","GERMAN","German","102A"
"694","GERMAN","German","199"
"695","GERMAN","German","174"
"696","GERMAN","German","H196B"
"697","GERMAN","German","131"
"698","GERMAN","German","1"
"699","GERMAN","German","179"
"700","GERMAN","German","4"
"701","GERMAN","German","H196"
"702","GERMAN","German","H196A"
"703","GERMAN","German","C109"
"704","GPP","Global Poverty and Practice","196"
"705","GPP","Global Poverty and Practice","105"
"706","GREEK","Greek","105"
"707","GREEK","Greek","115"
"708","GREEK","Greek","10"
"709","GREEK","Greek","2"
"710","GREEK","Greek","101"
"711","GWS","Gender and Womens Studies","198"
"712","GWS","Gender and Womens Studies","C196B"
"713","GWS","Gender and Womens Studies","97"
"714","GWS","Gender and Womens Studies","C196W"
"715","GWS","Gender and Womens Studies","H195"
"716","GWS","Gender and Womens Studies","20"
"717","GWS","Gender and Womens Studies","14"
"718","GWS","Gender and Womens Studies","140"
"719","GWS","Gender and Womens Studies","197"
"720","GWS","Gender and Womens Studies","C196A"
"721","GWS","Gender and Womens Studies","111"
"722","GWS","Gender and Womens Studies","104"
"723","GWS","Gender and Womens Studies","98"
"724","GWS","Gender and Womens Studies","100AC"
"725","GWS","Gender and Womens Studies","101"
"726","GWS","Gender and Womens Studies","10"
"727","HEBREW","Hebrew","100B"
"728","HEBREW","Hebrew","106B"
"729","HEBREW","Hebrew","104B"
"730","HIN-URD","Hindi-Urdu","100B"
"731","HIN-URD","Hindi-Urdu","103B"
"732","HIN-URD","Hindi-Urdu","1B"
"733","HIN-URD","Hindi-Urdu","2B"
"734","HIN-URD","Hindi-Urdu","104B"
"735","HISTART","History of Art","H195"
"736","HISTART","History of Art","136A"
"737","HISTART","History of Art","141C"
"738","HISTART","History of Art","R1B"
"739","HISTART","History of Art","134C"
"740","HISTART","History of Art","C196W"
"741","HISTART","History of Art","194"
"742","HISTART","History of Art","192G"
"743","HISTART","History of Art","100"
"744","HISTART","History of Art","11"
"745","HISTART","History of Art","34"
"746","HISTART","History of Art","C196A"
"747","HISTART","History of Art","C196B"
"748","HISTORY","History","C175B"
"749","HISTORY","History","C139B"
"750","HISTORY","History","124B"
"751","HISTORY","History","C191"
"752","HISTORY","History","7B"
"753","HISTORY","History","C139C"
"754","HISTORY","History","100D"
"755","HISTORY","History","100U"
"756","HISTORY","History","170"
"757","HISTORY","History","8A"
"758","HISTORY","History","174B"
"759","HISTORY","History","177B"
"760","HISTORY","History","180"
"761","HISTORY","History","171C"
"762","HISTORY","History","24"
"763","HISTORY","History","151A"
"764","HISTORY","History","127AC"
"765","HISTORY","History","100AC"
"766","HISTORY","History","100B"
"767","HISTORY","History","C192"
"768","HISTORY","History","160"
"769","HISTORY","History","162B"
"770","HISTORY","History","101"
"771","HISTORY","History","116D"
"772","HISTORY","History","C196W"
"773","HISTORY","History","R1B"
"774","HISTORY","History","180T"
"775","HISTORY","History","149B"
"776","HISTORY","History","105A"
"777","HISTORY","History","5"
"778","HISTORY","History","143"
"779","HISTORY","History","112C"
"780","HISTORY","History","114B"
"781","HISTORY","History","108"
"782","HISTORY","History","111B"
"783","HISTORY","History","6B"
"784","HMEDSCI","Health and Medical Sciences","C133"
"785","HMEDSCI","Health and Medical Sciences","98"
"786","HMEDSCI","Health and Medical Sciences","198"
"787","IAS","International and Area Studies","194"
"788","IAS","International and Area Studies","180"
"789","IAS","International and Area Studies","98"
"790","IAS","International and Area Studies","C118"
"791","IAS","International and Area Studies","198"
"792","IAS","International and Area Studies","45"
"793","IAS","International and Area Studies","102"
"794","IAS","International and Area Studies","106"
"795","IAS","International and Area Studies","150"
"796","IND ENG","Industrial Engineering and Operations Research","160"
"797","IND ENG","Industrial Engineering and Operations Research","170"
"798","IND ENG","Industrial Engineering and Operations Research","171"
"799","IND ENG","Industrial Engineering and Operations Research","190G"
"800","IND ENG","Industrial Engineering and Operations Research","191"
"801","IND ENG","Industrial Engineering and Operations Research","153"
"802","IND ENG","Industrial Engineering and Operations Research","198"
"803","IND ENG","Industrial Engineering and Operations Research","161"
"804","IND ENG","Industrial Engineering and Operations Research","165"
"805","IND ENG","Industrial Engineering and Operations Research","166"
"806","IND ENG","Industrial Engineering and Operations Research","131"
"807","IND ENG","Industrial Engineering and Operations Research","180"
"808","INFO","Information","199"
"809","INFO","Information","C103"
"810","INFO","Information","C167"
"811","INFO","Information","98"
"812","INTEGBI","Integrative Biology","161"
"813","INTEGBI","Integrative Biology","132L"
"814","INTEGBI","Integrative Biology","115"
"815","INTEGBI","Integrative Biology","119"
"816","INTEGBI","Integrative Biology","151L"
"817","INTEGBI","Integrative Biology","169"
"818","INTEGBI","Integrative Biology","174LF"
"819","INTEGBI","Integrative Biology","152"
"820","INTEGBI","Integrative Biology","183L"
"821","INTEGBI","Integrative Biology","132"
"822","INTEGBI","Integrative Biology","C195"
"823","INTEGBI","Integrative Biology","175LF"
"824","INTEGBI","Integrative Biology","190"
"825","INTEGBI","Integrative Biology","194"
"826","INTEGBI","Integrative Biology","138"
"827","INTEGBI","Integrative Biology","184L"
"828","INTEGBI","Integrative Biology","146LF"
"829","INTEGBI","Integrative Biology","151"
"830","INTEGBI","Integrative Biology","102LF"
"831","INTEGBI","Integrative Biology","104LF"
"832","INTEGBI","Integrative Biology","112"
"833","INTEGBI","Integrative Biology","113L"
"834","INTEGBI","Integrative Biology","C185L"
"835","INTEGBI","Integrative Biology","197"
"836","INTEGBI","Integrative Biology","140"
"837","INTEGBI","Integrative Biology","95"
"838","INTEGBI","Integrative Biology","98"
"839","INTEGBI","Integrative Biology","C100"
"840","INTEGBI","Integrative Biology","C129L"
"841","INTEGBI","Integrative Biology","C143B"
"842","INTEGBI","Integrative Biology","C176L"
"843","INTEGBI","Integrative Biology","24"
"844","INTEGBI","Integrative Biology","198"
"845","ISF","Interdisciplinary Studies Field Major","100H"
"846","ISF","Interdisciplinary Studies Field Major","189"
"847","ISF","Interdisciplinary Studies Field Major","100B"
"848","ISF","Interdisciplinary Studies Field Major","100A"
"849","ISF","Interdisciplinary Studies Field Major","190"
"850","ITALIAN","Italian Studies","12"
"851","ITALIAN","Italian Studies","198"
"852","ITALIAN","Italian Studies","199"
"853","ITALIAN","Italian Studies","2"
"854","ITALIAN","Italian Studies","3"
"855","ITALIAN","Italian Studies","4"
"856","ITALIAN","Italian Studies","1"
"857","ITALIAN","Italian Studies","101B"
"858","ITALIAN","Italian Studies","104"
"859","ITALIAN","Italian Studies","112"
"860","ITALIAN","Italian Studies","R5A"
"861","ITALIAN","Italian Studies","R5B"
"862","ITALIAN","Italian Studies","120"
"863","ITALIAN","Italian Studies","160"
"864","ITALIAN","Italian Studies","175"
"865","ITALIAN","Italian Studies","40"
"866","ITALIAN","Italian Studies","98"
"867","ITALIAN","Italian Studies","H195"
"868","JAPAN","Japanese","102"
"869","JAPAN","Japanese","132"
"870","JAPAN","Japanese","104"
"871","JAPAN","Japanese","159"
"872","JAPAN","Japanese","10B"
"873","JAPAN","Japanese","7B"
"874","JAPAN","Japanese","100B"
"875","JAPAN","Japanese","100S"
"876","JAPAN","Japanese","100X"
"877","JAPAN","Japanese","161"
"878","JAPAN","Japanese","1B"
"879","JEWISH","Jewish Studies","198"
"880","JEWISH","Jewish Studies","101"
"881","JOURN","Journalism","C141"
"882","KHMER","Khmer","1B"
"883","KHMER","Khmer","100B"
"884","KHMER","Khmer","101B"
"885","KOREAN","Korean","102"
"886","KOREAN","Korean","100BX"
"887","KOREAN","Korean","100B"
"888","KOREAN","Korean","7B"
"889","KOREAN","Korean","10B"
"890","KOREAN","Korean","10BX"
"891","KOREAN","Korean","1BX"
"892","KOREAN","Korean","112"
"893","KOREAN","Korean","150"
"894","KOREAN","Korean","1B"
"895","LAN PRO","Language Proficiency Program","100A"
"896","LATAMST","Latin American Studies","150"
"897","LATAMST","Latin American Studies","H195"
"898","LATIN","Latin","40"
"899","LATIN","Latin","102"
"900","LATIN","Latin","1"
"901","LATIN","Latin","100"
"902","LATIN","Latin","101"
"903","LATIN","Latin","140"
"904","LATIN","Latin","2"
"905","LD ARCH","Landscape Architecture","130"
"906","LD ARCH","Landscape Architecture","136"
"907","LD ARCH","Landscape Architecture","140"
"908","LD ARCH","Landscape Architecture","112"
"909","LD ARCH","Landscape Architecture","160"
"910","LD ARCH","Landscape Architecture","102"
"911","LD ARCH","Landscape Architecture","121"
"912","LD ARCH","Landscape Architecture","1"
"913","LD ARCH","Landscape Architecture","170"
"914","LEGALST","Legal Studies","183"
"915","LEGALST","Legal Studies","145"
"916","LEGALST","Legal Studies","154"
"917","LEGALST","Legal Studies","132AC"
"918","LEGALST","Legal Studies","161"
"919","LEGALST","Legal Studies","162AC"
"920","LEGALST","Legal Studies","174"
"921","LEGALST","Legal Studies","190"
"922","LEGALST","Legal Studies","198"
"923","LEGALST","Legal Studies","199"
"924","LEGALST","Legal Studies","98"
"925","LEGALST","Legal Studies","R1B"
"926","LEGALST","Legal Studies","107"
"927","LEGALST","Legal Studies","139"
"928","LEGALST","Legal Studies","100"
"929","LEGALST","Legal Studies","104AC"
"930","LEGALST","Legal Studies","160"
"931","LEGALST","Legal Studies","105"
"932","LGBT","Lesbian, Gay, Bisexual and Transgender Studies","C148"
"933","LGBT","Lesbian, Gay, Bisexual and Transgender Studies","98"
"934","LGBT","Lesbian, Gay, Bisexual and Transgender Studies","198"
"935","LGBT","Lesbian, Gay, Bisexual and Transgender Studies","C147B"
"936","LINGUIS","Linguistics","C105"
"937","LINGUIS","Linguistics","115"
"938","LINGUIS","Linguistics","120"
"939","LINGUIS","Linguistics","155AC"
"940","LINGUIS","Linguistics","24"
"941","LINGUIS","Linguistics","40"
"942","LINGUIS","Linguistics","C142"
"943","LINGUIS","Linguistics","170"
"944","LINGUIS","Linguistics","113"
"945","LINGUIS","Linguistics","100"
"946","LINGUIS","Linguistics","R1B"
"947","LINGUIS","Linguistics","1A"
"948","LINGUIS","Linguistics","1B"
"949","LINGUIS","Linguistics","C146"
"950","LINGUIS","Linguistics","C160"
"951","LINGUIS","Linguistics","5"
"952","MALAY/I","Malay/Indonesian","100B"
"953","MALAY/I","Malay/Indonesian","1B"
"954","MAT SCI","Materials Science and Engineering","24"
"955","MAT SCI","Materials Science and Engineering","199"
"956","MAT SCI","Materials Science and Engineering","104"
"957","MAT SCI","Materials Science and Engineering","C150"
"958","MAT SCI","Materials Science and Engineering","H194"
"959","MAT SCI","Materials Science and Engineering","125"
"960","MAT SCI","Materials Science and Engineering","151"
"961","MAT SCI","Materials Science and Engineering","198"
"962","MAT SCI","Materials Science and Engineering","111"
"963","MAT SCI","Materials Science and Engineering","112"
"964","MAT SCI","Materials Science and Engineering","103"
"965","MATH","Mathematics","105"
"966","MATH","Mathematics","128B"
"967","MATH","Mathematics","136"
"968","MATH","Mathematics","104"
"969","MATH","Mathematics","16B"
"970","MATH","Mathematics","10B"
"971","MATH","Mathematics","110"
"972","MATH","Mathematics","121B"
"973","MATH","Mathematics","123"
"974","MATH","Mathematics","128A"
"975","MATH","Mathematics","197"
"976","MATH","Mathematics","1A"
"977","MATH","Mathematics","1B"
"978","MATH","Mathematics","140"
"979","MATH","Mathematics","151"
"980","MATH","Mathematics","153"
"981","MATH","Mathematics","160"
"982","MATH","Mathematics","113"
"983","MATH","Mathematics","114"
"984","MATH","Mathematics","118"
"985","MATH","Mathematics","121A"
"986","MATH","Mathematics","191"
"987","MATH","Mathematics","196"
"988","MATH","Mathematics","32"
"989","MATH","Mathematics","49"
"990","MATH","Mathematics","53"
"991","MATH","Mathematics","24"
"992","MATH","Mathematics","55"
"993","MATH","Mathematics","172"
"994","MATH","Mathematics","185"
"995","MATH","Mathematics","16A"
"996","MATH","Mathematics","H53"
"997","MATH","Mathematics","99"
"998","MATH","Mathematics","H185"
"999","MATH","Mathematics","54"
"1000","MATH","Mathematics","H113"
"1001","MCELLBI","Molecular and Cell Biology","110"
"1002","MCELLBI","Molecular and Cell Biology","118"
"1003","MCELLBI","Molecular and Cell Biology","104"
"1004","MCELLBI","Molecular and Cell Biology","160L"
"1005","MCELLBI","Molecular and Cell Biology","165"
"1006","MCELLBI","Molecular and Cell Biology","167"
"1007","MCELLBI","Molecular and Cell Biology","130A"
"1008","MCELLBI","Molecular and Cell Biology","102"
"1009","MCELLBI","Molecular and Cell Biology","C148"
"1010","MCELLBI","Molecular and Cell Biology","C160"
"1011","MCELLBI","Molecular and Cell Biology","C44"
"1012","MCELLBI","Molecular and Cell Biology","C61"
"1013","MCELLBI","Molecular and Cell Biology","133L"
"1014","MCELLBI","Molecular and Cell Biology","137"
"1015","MCELLBI","Molecular and Cell Biology","140"
"1016","MCELLBI","Molecular and Cell Biology","140L"
"1017","MCELLBI","Molecular and Cell Biology","150L"
"1018","MCELLBI","Molecular and Cell Biology","100B"
"1019","MCELLBI","Molecular and Cell Biology","50"
"1020","MCELLBI","Molecular and Cell Biology","98"
"1021","MCELLBI","Molecular and Cell Biology","C100A"
"1022","MCELLBI","Molecular and Cell Biology","198"
"1023","MCELLBI","Molecular and Cell Biology","141"
"1024","MCELLBI","Molecular and Cell Biology","149"
"1025","MCELLBI","Molecular and Cell Biology","15"
"1026","MCELLBI","Molecular and Cell Biology","C110L"
"1027","MCELLBI","Molecular and Cell Biology","C134"
"1028","MCELLBI","Molecular and Cell Biology","150"
"1029","MCELLBI","Molecular and Cell Biology","C114"
"1030","MEC ENG","Mechanical Engineering","122"
"1031","MEC ENG","Mechanical Engineering","40"
"1032","MEC ENG","Mechanical Engineering","131"
"1033","MEC ENG","Mechanical Engineering","120"
"1034","MEC ENG","Mechanical Engineering","135"
"1035","MEC ENG","Mechanical Engineering","98"
"1036","MEC ENG","Mechanical Engineering","C115"
"1037","MEC ENG","Mechanical Engineering","132"
"1038","MEC ENG","Mechanical Engineering","H194"
"1039","MEC ENG","Mechanical Engineering","146"
"1040","MEC ENG","Mechanical Engineering","167"
"1041","MEC ENG","Mechanical Engineering","199"
"1042","MEC ENG","Mechanical Engineering","24"
"1043","MEC ENG","Mechanical Engineering","118"
"1044","MEC ENG","Mechanical Engineering","C134"
"1045","MEC ENG","Mechanical Engineering","C180"
"1046","MEC ENG","Mechanical Engineering","C85"
"1047","MEC ENG","Mechanical Engineering","104"
"1048","MEC ENG","Mechanical Engineering","106"
"1049","MEC ENG","Mechanical Engineering","190M"
"1050","MEC ENG","Mechanical Engineering","191K"
"1051","MEC ENG","Mechanical Engineering","196"
"1052","MEC ENG","Mechanical Engineering","198"
"1053","MEC ENG","Mechanical Engineering","101"
"1054","MEC ENG","Mechanical Engineering","102A"
"1055","MEC ENG","Mechanical Engineering","102B"
"1056","MEC ENG","Mechanical Engineering","109"
"1057","MEC ENG","Mechanical Engineering","110"
"1058","MEC ENG","Mechanical Engineering","107"
"1059","MEC ENG","Mechanical Engineering","108"
"1060","MEDIAST","Media Studies","190"
"1061","MEDIAST","Media Studies","24"
"1062","MEDIAST","Media Studies","C103"
"1063","MEDIAST","Media Studies","C104C"
"1064","MEDIAST","Media Studies","104A"
"1065","MEDIAST","Media Studies","101"
"1066","MEDIAST","Media Studies","180"
"1067","MEDIAST","Media Studies","C196W"
"1068","MEDIAST","Media Studies","H195"
"1069","MEDIAST","Media Studies","170"
"1070","MEDIAST","Media Studies","140"
"1071","MEDIAST","Media Studies","160"
"1072","MIL AFF","Military Affairs","145B"
"1073","MIL AFF","Military Affairs","1"
"1074","MIL AFF","Military Affairs","199"
"1075","MIL SCI","Military Science","142"
"1076","MIL SCI","Military Science","132"
"1077","MIL SCI","Military Science","3"
"1078","MIL SCI","Military Science","101"
"1079","MIL SCI","Military Science","1"
"1080","MUSIC","Music","128BM"
"1081","MUSIC","Music","139"
"1082","MUSIC","Music","128B"
"1083","MUSIC","Music","150C"
"1084","MUSIC","Music","150D"
"1085","MUSIC","Music","128"
"1086","MUSIC","Music","141"
"1087","MUSIC","Music","142"
"1088","MUSIC","Music","150E"
"1089","MUSIC","Music","140"
"1090","MUSIC","Music","157B"
"1091","MUSIC","Music","161A"
"1092","MUSIC","Music","143"
"1093","MUSIC","Music","144"
"1094","MUSIC","Music","150B"
"1095","MUSIC","Music","49B"
"1096","MUSIC","Music","49C"
"1097","MUSIC","Music","50"
"1098","MUSIC","Music","51"
"1099","MUSIC","Music","60"
"1100","MUSIC","Music","61"
"1101","MUSIC","Music","74"
"1102","MUSIC","Music","75"
"1103","MUSIC","Music","97"
"1104","MUSIC","Music","145"
"1105","MUSIC","Music","148"
"1106","MUSIC","Music","149"
"1107","MUSIC","Music","150A"
"1108","MUSIC","Music","179"
"1109","MUSIC","Music","197"
"1110","MUSIC","Music","198"
"1111","MUSIC","Music","199"
"1112","MUSIC","Music","150G"
"1113","MUSIC","Music","150H"
"1114","MUSIC","Music","151"
"1115","MUSIC","Music","152"
"1116","MUSIC","Music","155"
"1117","MUSIC","Music","40"
"1118","MUSIC","Music","41A"
"1119","MUSIC","Music","164"
"1120","MUSIC","Music","165"
"1121","MUSIC","Music","44"
"1122","MUSIC","Music","116B"
"1123","MUSIC","Music","116BM"
"1124","MUSIC","Music","26AC"
"1125","MUSIC","Music","20A"
"1126","MUSIC","Music","20B"
"1127","MUSIC","Music","25A"
"1128","MUSIC","Music","41B"
"1129","MUSIC","Music","29"
"1130","MUSIC","Music","R1B"
"1131","MUSIC","Music","98"
"1132","MUSIC","Music","42"
"1133","MUSIC","Music","H195"
"1134","MUSIC","Music","99"
"1135","NAT RES","Natural Resources","84"
"1136","NAT RES","Natural Resources","24"
"1137","NATAMST","Native American Studies","102"
"1138","NATAMST","Native American Studies","72"
"1139","NATAMST","Native American Studies","101"
"1140","NATAMST","Native American Studies","198"
"1141","NATAMST","Native American Studies","110"
"1142","NATAMST","Native American Studies","149"
"1143","NATAMST","Native American Studies","97"
"1144","NATAMST","Native American Studies","98"
"1145","NATAMST","Native American Studies","197"
"1146","NATAMST","Native American Studies","199"
"1147","NATAMST","Native American Studies","178"
"1148","NATAMST","Native American Studies","190"
"1149","NATAMST","Native American Studies","20B"
"1150","NATAMST","Native American Studies","99"
"1151","NATAMST","Native American Studies","90"
"1152","NATAMST","Native American Studies","R1A"
"1153","NATAMST","Native American Studies","R1B"
"1154","NATAMST","Native American Studies","H195B"
"1155","NAV SCI","Naval Science","2"
"1156","NAV SCI","Naval Science","12B"
"1157","NE STUD","Near Eastern Studies","165"
"1158","NE STUD","Near Eastern Studies","24"
"1159","NE STUD","Near Eastern Studies","109"
"1160","NE STUD","Near Eastern Studies","122"
"1161","NE STUD","Near Eastern Studies","140"
"1162","NE STUD","Near Eastern Studies","15"
"1163","NE STUD","Near Eastern Studies","155"
"1164","NE STUD","Near Eastern Studies","C104"
"1165","NE STUD","Near Eastern Studies","H195"
"1166","NE STUD","Near Eastern Studies","R1B"
"1167","NE STUD","Near Eastern Studies","126"
"1168","NEUROSC","Neuroscience","C160"
"1169","NUC ENG","Nuclear Engineering","199"
"1170","NUC ENG","Nuclear Engineering","155"
"1171","NUC ENG","Nuclear Engineering","104"
"1172","NUC ENG","Nuclear Engineering","102"
"1173","NUC ENG","Nuclear Engineering","H194"
"1174","NUC ENG","Nuclear Engineering","130"
"1175","NUC ENG","Nuclear Engineering","170A"
"1176","NUC ENG","Nuclear Engineering","24"
"1177","NUC ENG","Nuclear Engineering","124"
"1178","NUC ENG","Nuclear Engineering","162"
"1179","NUC ENG","Nuclear Engineering","150"
"1180","NUSCTX","Nutritional Sciences and Toxicology","121"
"1181","NUSCTX","Nutritional Sciences and Toxicology","115"
"1182","NUSCTX","Nutritional Sciences and Toxicology","193"
"1183","NUSCTX","Nutritional Sciences and Toxicology","194"
"1184","NUSCTX","Nutritional Sciences and Toxicology","170"
"1185","NUSCTX","Nutritional Sciences and Toxicology","190"
"1186","NUSCTX","Nutritional Sciences and Toxicology","10"
"1187","NUSCTX","Nutritional Sciences and Toxicology","104"
"1188","NUSCTX","Nutritional Sciences and Toxicology","135"
"1189","NUSCTX","Nutritional Sciences and Toxicology","198"
"1190","NUSCTX","Nutritional Sciences and Toxicology","199"
"1191","NUSCTX","Nutritional Sciences and Toxicology","98"
"1192","NUSCTX","Nutritional Sciences and Toxicology","161B"
"1193","NUSCTX","Nutritional Sciences and Toxicology","11"
"1194","NUSCTX","Nutritional Sciences and Toxicology","C159"
"1195","NUSCTX","Nutritional Sciences and Toxicology","145"
"1196","NUSCTX","Nutritional Sciences and Toxicology","99"
"1197","NUSCTX","Nutritional Sciences and Toxicology","160"
"1198","NUSCTX","Nutritional Sciences and Toxicology","C114"
"1199","NUSCTX","Nutritional Sciences and Toxicology","H196"
"1200","NWMEDIA","New Media","190"
"1201","OPTOM","Optometry","98"
"1202","OPTOM","Optometry","10"
"1203","PACS","Peace and Conflict Studies","127"
"1204","PACS","Peace and Conflict Studies","119"
"1205","PACS","Peace and Conflict Studies","10"
"1206","PACS","Peace and Conflict Studies","135"
"1207","PACS","Peace and Conflict Studies","100"
"1208","PACS","Peace and Conflict Studies","151"
"1209","PACS","Peace and Conflict Studies","190"
"1210","PACS","Peace and Conflict Studies","198"
"1211","PACS","Peace and Conflict Studies","149"
"1212","PACS","Peace and Conflict Studies","94"
"1213","PACS","Peace and Conflict Studies","98"
"1214","PACS","Peace and Conflict Studies","H195"
"1215","PB HLTH","Public Health","142"
"1216","PB HLTH","Public Health","14"
"1217","PB HLTH","Public Health","H195A"
"1218","PB HLTH","Public Health","H195B"
"1219","PB HLTH","Public Health","126"
"1220","PB HLTH","Public Health","C160"
"1221","PB HLTH","Public Health","196"
"1222","PB HLTH","Public Health","116"
"1223","PB HLTH","Public Health","144B"
"1224","PB HLTH","Public Health","112"
"1225","PB HLTH","Public Health","97"
"1226","PB HLTH","Public Health","144A"
"1227","PB HLTH","Public Health","C117"
"1228","PB HLTH","Public Health","84"
"1229","PB HLTH","Public Health","199"
"1230","PB HLTH","Public Health","150A"
"1231","PB HLTH","Public Health","150E"
"1232","PB HLTH","Public Health","197"
"1233","PB HLTH","Public Health","104B"
"1234","PERSIAN","Persian","100B"
"1235","PERSIAN","Persian","1B"
"1236","PERSIAN","Persian","103B"
"1237","PERSIAN","Persian","11B"
"1238","PHILOS","Philosophy","138"
"1239","PHILOS","Philosophy","125"
"1240","PHILOS","Philosophy","12A"
"1241","PHILOS","Philosophy","143"
"1242","PHILOS","Philosophy","115"
"1243","PHILOS","Philosophy","163"
"1244","PHILOS","Philosophy","100"
"1245","PHILOS","Philosophy","135"
"1246","PHILOS","Philosophy","186B"
"1247","PHILOS","Philosophy","R1B"
"1248","PHILOS","Philosophy","2"
"1249","PHILOS","Philosophy","185"
"1250","PHILOS","Philosophy","107"
"1251","PHILOS","Philosophy","190"
"1252","PHILOS","Philosophy","4"
"1253","PHILOS","Philosophy","11"
"1254","PHILOS","Philosophy","25B"
"1255","PHYS ED","Physical Education","197"
"1256","PHYS ED","Physical Education","2"
"1257","PHYS ED","Physical Education","12"
"1258","PHYS ED","Physical Education","98"
"1259","PHYS ED","Physical Education","198"
"1260","PHYS ED","Physical Education","11"
"1261","PHYS ED","Physical Education","5"
"1262","PHYS ED","Physical Education","3"
"1263","PHYS ED","Physical Education","32"
"1264","PHYS ED","Physical Education","4"
"1265","PHYS ED","Physical Education","1"
"1266","PHYS ED","Physical Education","64"
"1267","PHYS ED","Physical Education","C129"
"1268","PHYSICS","Physics","111"
"1269","PHYSICS","Physics","112"
"1270","PHYSICS","Physics","105"
"1271","PHYSICS","Physics","110B"
"1272","PHYSICS","Physics","7A"
"1273","PHYSICS","Physics","7B"
"1274","PHYSICS","Physics","110A"
"1275","PHYSICS","Physics","198"
"1276","PHYSICS","Physics","199"
"1277","PHYSICS","Physics","24"
"1278","PHYSICS","Physics","H7C"
"1279","PHYSICS","Physics","7C"
"1280","PHYSICS","Physics","8A"
"1281","PHYSICS","Physics","8B"
"1282","PHYSICS","Physics","C10"
"1283","PHYSICS","Physics","C161"
"1284","PHYSICS","Physics","141A"
"1285","PHYSICS","Physics","141B"
"1286","PHYSICS","Physics","137B"
"1287","PHYSICS","Physics","177"
"1288","PHYSICS","Physics","139"
"1289","PHYSICS","Physics","137A"
"1290","PHYSICS","Physics","138"
"1291","PHYSICS","Physics","H7B"
"1292","PHYSICS","Physics","142"
"1293","PHYSICS","Physics","H190"
"1294","PLANTBI","Plant and Microbial Biology","199"
"1295","PLANTBI","Plant and Microbial Biology","160"
"1296","PLANTBI","Plant and Microbial Biology","165"
"1297","PLANTBI","Plant and Microbial Biology","C148"
"1298","PLANTBI","Plant and Microbial Biology","H196"
"1299","PLANTBI","Plant and Microbial Biology","20"
"1300","PLANTBI","Plant and Microbial Biology","122"
"1301","PLANTBI","Plant and Microbial Biology","101L"
"1302","PLANTBI","Plant and Microbial Biology","C114"
"1303","PLANTBI","Plant and Microbial Biology","C134"
"1304","PLANTBI","Plant and Microbial Biology","40"
"1305","PLANTBI","Plant and Microbial Biology","99"
"1306","PLANTBI","Plant and Microbial Biology","11"
"1307","POL SCI","Political Science","122A"
"1308","POL SCI","Political Science","98"
"1309","POL SCI","Political Science","C196A"
"1310","POL SCI","Political Science","112C"
"1311","POL SCI","Political Science","198"
"1312","POL SCI","Political Science","2"
"1313","POL SCI","Political Science","C196B"
"1314","POL SCI","Political Science","112A"
"1315","POL SCI","Political Science","H190B"
"1316","POL SCI","Political Science","161"
"1317","POL SCI","Political Science","4"
"1318","POL SCI","Political Science","144B"
"1319","POL SCI","Political Science","111AC"
"1320","POL SCI","Political Science","138G"
"1321","POL SCI","Political Science","143C"
"1322","POL SCI","Political Science","1"
"1323","POL SCI","Political Science","145A"
"1324","POL SCI","Political Science","157A"
"1325","POL SCI","Political Science","110B"
"1326","POL SCI","Political Science","191"
"1327","POL SCI","Political Science","171"
"1328","POL SCI","Political Science","179"
"1329","POLECON","Political Economy","H195"
"1330","POLECON","Political Economy","C196B"
"1331","POLECON","Political Economy","160"
"1332","POLECON","Political Economy","C196W"
"1333","POLECON","Political Economy","150"
"1334","POLECON","Political Economy","100"
"1335","POLECON","Political Economy","101"
"1336","POLECON","Political Economy","C196A"
"1337","POLECON","Political Economy","24"
"1338","PORTUG","Portuguese","102"
"1339","PORTUG","Portuguese","12"
"1340","PORTUG","Portuguese","101A"
"1341","PORTUG","Portuguese","103"
"1342","PORTUG","Portuguese","24"
"1343","PORTUG","Portuguese","H195"
"1344","PORTUG","Portuguese","101B"
"1345","PSYCH","Psychology","W1"
"1346","PSYCH","Psychology","2"
"1347","PSYCH","Psychology","150"
"1348","PSYCH","Psychology","H194B"
"1349","PSYCH","Psychology","117"
"1350","PSYCH","Psychology","1"
"1351","PSYCH","Psychology","148"
"1352","PSYCH","Psychology","166AC"
"1353","PSYCH","Psychology","C116"
"1354","PSYCH","Psychology","C120"
"1355","PSYCH","Psychology","140"
"1356","PSYCH","Psychology","110"
"1357","PSYCH","Psychology","C162"
"1358","PSYCH","Psychology","128"
"1359","PSYCH","Psychology","101"
"1360","PSYCH","Psychology","131"
"1361","PSYCH","Psychology","C143"
"1362","PSYCH","Psychology","24"
"1363","PSYCH","Psychology","98"
"1364","PSYCH","Psychology","130"
"1365","PSYCH","Psychology","C126"
"1366","PUB POL","Public Policy","157"
"1367","PUB POL","Public Policy","190"
"1368","PUB POL","Public Policy","101"
"1369","PUB POL","Public Policy","24"
"1370","PUB POL","Public Policy","98"
"1371","PUB POL","Public Policy","198"
"1372","PUB POL","Public Policy","C103"
"1373","PUNJABI","Punjabi","100B"
"1374","PUNJABI","Punjabi","1B"
"1375","RELIGST","Religious Studies","C166"
"1376","RELIGST","Religious Studies","C104"
"1377","RELIGST","Religious Studies","H195A"
"1378","RELIGST","Religious Studies","C135"
"1379","RELIGST","Religious Studies","90B"
"1380","RELIGST","Religious Studies","C108"
"1381","RELIGST","Religious Studies","190"
"1382","RELIGST","Religious Studies","H195B"
"1383","RHETOR","Rhetoric","R1A"
"1384","RHETOR","Rhetoric","132T"
"1385","RHETOR","Rhetoric","R1B"
"1386","RHETOR","Rhetoric","H190B"
"1387","RHETOR","Rhetoric","166"
"1388","RHETOR","Rhetoric","138"
"1389","RHETOR","Rhetoric","155"
"1390","RHETOR","Rhetoric","103B"
"1391","RHETOR","Rhetoric","198"
"1392","RHETOR","Rhetoric","167"
"1393","RHETOR","Rhetoric","182"
"1394","RHETOR","Rhetoric","160"
"1395","RHETOR","Rhetoric","130"
"1396","RHETOR","Rhetoric","H190A"
"1397","RHETOR","Rhetoric","199"
"1398","RHETOR","Rhetoric","197"
"1399","RHETOR","Rhetoric","106"
"1400","RHETOR","Rhetoric","109"
"1401","RHETOR","Rhetoric","129AC"
"1402","RHETOR","Rhetoric","105T"
"1403","RHETOR","Rhetoric","24"
"1404","RHETOR","Rhetoric","98"
"1405","RHETOR","Rhetoric","128T"
"1406","RHETOR","Rhetoric","20"
"1407","S ASIAN","South Asian","C142"
"1408","S ASIAN","South Asian","R5B"
"1409","S ASIAN","South Asian","1B"
"1410","S ASIAN","South Asian","144"
"1411","SANSKR","Sanskrit","101A"
"1412","SANSKR","Sanskrit","100B"
"1413","SCANDIN","Scandinavian","106"
"1414","SCANDIN","Scandinavian","100B"
"1415","SCANDIN","Scandinavian","102B"
"1416","SCANDIN","Scandinavian","R5B"
"1417","SCANDIN","Scandinavian","115"
"1418","SCANDIN","Scandinavian","98"
"1419","SCANDIN","Scandinavian","C160"
"1420","SCANDIN","Scandinavian","1B"
"1421","SCANDIN","Scandinavian","125"
"1422","SCANDIN","Scandinavian","4B"
"1423","SCANDIN","Scandinavian","3B"
"1424","SCANDIN","Scandinavian","149"
"1425","SCANDIN","Scandinavian","198"
"1426","SCANDIN","Scandinavian","199"
"1427","SCANDIN","Scandinavian","145"
"1428","SCANDIN","Scandinavian","2B"
"1429","SEASIAN","Southeast Asian","10B"
"1430","SEASIAN","Southeast Asian","129"
"1431","SLAVIC","Slavic Languages and Literatures","98"
"1432","SLAVIC","Slavic Languages and Literatures","27B"
"1433","SLAVIC","Slavic Languages and Literatures","46"
"1434","SLAVIC","Slavic Languages and Literatures","25B"
"1435","SLAVIC","Slavic Languages and Literatures","26B"
"1436","SLAVIC","Slavic Languages and Literatures","99"
"1437","SLAVIC","Slavic Languages and Literatures","50"
"1438","SLAVIC","Slavic Languages and Literatures","1"
"1439","SLAVIC","Slavic Languages and Literatures","103B"
"1440","SLAVIC","Slavic Languages and Literatures","181"
"1441","SLAVIC","Slavic Languages and Literatures","109"
"1442","SLAVIC","Slavic Languages and Literatures","198"
"1443","SLAVIC","Slavic Languages and Literatures","172"
"1444","SLAVIC","Slavic Languages and Literatures","117B"
"1445","SLAVIC","Slavic Languages and Literatures","134F"
"1446","SLAVIC","Slavic Languages and Literatures","115B"
"1447","SLAVIC","Slavic Languages and Literatures","116B"
"1448","SLAVIC","Slavic Languages and Literatures","H195"
"1449","SLAVIC","Slavic Languages and Literatures","R5A"
"1450","SLAVIC","Slavic Languages and Literatures","138"
"1451","SLAVIC","Slavic Languages and Literatures","158"
"1452","SLAVIC","Slavic Languages and Literatures","R5B"
"1453","SOC WEL","Social Welfare","116"
"1454","SOC WEL","Social Welfare","197"
"1455","SOC WEL","Social Welfare","199"
"1456","SOC WEL","Social Welfare","97"
"1457","SOC WEL","Social Welfare","114AC"
"1458","SOC WEL","Social Welfare","H195"
"1459","SOC WEL","Social Welfare","112"
"1460","SOC WEL","Social Welfare","107"
"1461","SOC WEL","Social Welfare","110"
"1462","SOCIOL","Sociology","120"
"1463","SOCIOL","Sociology","116"
"1464","SOCIOL","Sociology","166"
"1465","SOCIOL","Sociology","190"
"1466","SOCIOL","Sociology","194"
"1467","SOCIOL","Sociology","180C"
"1468","SOCIOL","Sociology","182"
"1469","SOCIOL","Sociology","111AC"
"1470","SOCIOL","Sociology","113AC"
"1471","SOCIOL","Sociology","114"
"1472","SOCIOL","Sociology","C196B"
"1473","SOCIOL","Sociology","C196W"
"1474","SOCIOL","Sociology","121"
"1475","SOCIOL","Sociology","124"
"1476","SOCIOL","Sociology","197"
"1477","SOCIOL","Sociology","130"
"1478","SOCIOL","Sociology","133"
"1479","SOCIOL","Sociology","136"
"1480","SOCIOL","Sociology","137AC"
"1481","SOCIOL","Sociology","140"
"1482","SOCIOL","Sociology","148"
"1483","SOCIOL","Sociology","150"
"1484","SOCIOL","Sociology","160"
"1485","SOCIOL","Sociology","127"
"1486","SOCIOL","Sociology","1"
"1487","SOCIOL","Sociology","H190B"
"1488","SOCIOL","Sociology","199"
"1489","SOCIOL","Sociology","3AC"
"1490","SOCIOL","Sociology","5"
"1491","SOCIOL","Sociology","198"
"1492","SOCIOL","Sociology","C167"
"1493","SOCIOL","Sociology","C196A"
"1494","SOCIOL","Sociology","106"
"1495","SOCIOL","Sociology","98"
"1496","SOCIOL","Sociology","102"
"1497","SOCIOL","Sociology","103"
"1498","SOCIOL","Sociology","108"
"1499","SOCIOL","Sociology","110"
"1500","SPANISH","Spanish","1"
"1501","SPANISH","Spanish","198"
"1502","SPANISH","Spanish","199"
"1503","SPANISH","Spanish","162"
"1504","SPANISH","Spanish","197"
"1505","SPANISH","Spanish","R1B"
"1506","SPANISH","Spanish","24"
"1507","SPANISH","Spanish","2"
"1508","SPANISH","Spanish","21"
"1509","SPANISH","Spanish","22"
"1510","SPANISH","Spanish","98"
"1511","SPANISH","Spanish","25"
"1512","SPANISH","Spanish","3"
"1513","SPANISH","Spanish","4"
"1514","SPANISH","Spanish","107B"
"1515","SPANISH","Spanish","H195"
"1516","SPANISH","Spanish","H195A"
"1517","SPANISH","Spanish","H195B"
"1518","SPANISH","Spanish","100"
"1519","SPANISH","Spanish","102C"
"1520","SPANISH","Spanish","104B"
"1521","SPANISH","Spanish","111B"
"1522","SPANISH","Spanish","135W"
"1523","STAT","Statistics","133"
"1524","STAT","Statistics","131A"
"1525","STAT","Statistics","20"
"1526","STAT","Statistics","155"
"1527","STAT","Statistics","2"
"1528","STAT","Statistics","153"
"1529","STAT","Statistics","W21"
"1530","STAT","Statistics","150"
"1531","STAT","Statistics","158"
"1532","STAT","Statistics","134"
"1533","STAT","Statistics","135"
"1534","STAT","Statistics","154"
"1535","STAT","Statistics","151A"
"1536","STAT","Statistics","152"
"1537","TAMIL","Tamil","101B"
"1538","TAMIL","Tamil","1B"
"1539","TELUGU","Telugu","1B"
"1540","THAI","Thai","101B"
"1541","THAI","Thai","1B"
"1542","THAI","Thai","100B"
"1543","THEATER","Theater, Dance, and Performance Studies","R1A"
"1544","THEATER","Theater, Dance, and Performance Studies","39"
"1545","THEATER","Theater, Dance, and Performance Studies","60"
"1546","THEATER","Theater, Dance, and Performance Studies","98"
"1547","THEATER","Theater, Dance, and Performance Studies","125"
"1548","THEATER","Theater, Dance, and Performance Studies","126"
"1549","THEATER","Theater, Dance, and Performance Studies","146B"
"1550","THEATER","Theater, Dance, and Performance Studies","151B"
"1551","THEATER","Theater, Dance, and Performance Studies","163"
"1552","THEATER","Theater, Dance, and Performance Studies","167"
"1553","THEATER","Theater, Dance, and Performance Studies","168"
"1554","THEATER","Theater, Dance, and Performance Studies","169"
"1555","THEATER","Theater, Dance, and Performance Studies","171"
"1556","THEATER","Theater, Dance, and Performance Studies","180"
"1557","THEATER","Theater, Dance, and Performance Studies","181"
"1558","THEATER","Theater, Dance, and Performance Studies","198"
"1559","THEATER","Theater, Dance, and Performance Studies","25AC"
"1560","THEATER","Theater, Dance, and Performance Studies","179"
"1561","THEATER","Theater, Dance, and Performance Studies","172"
"1562","THEATER","Theater, Dance, and Performance Studies","175B"
"1563","THEATER","Theater, Dance, and Performance Studies","R1B"
"1564","THEATER","Theater, Dance, and Performance Studies","11"
"1565","THEATER","Theater, Dance, and Performance Studies","119"
"1566","THEATER","Theater, Dance, and Performance Studies","176"
"1567","THEATER","Theater, Dance, and Performance Studies","121"
"1568","THEATER","Theater, Dance, and Performance Studies","10"
"1569","TIBETAN","Tibetan","115"
"1570","TIBETAN","Tibetan","1B"
"1571","TURKISH","Turkish","101B"
"1572","TURKISH","Turkish","198"
"1573","TURKISH","Turkish","1B"
"1574","TURKISH","Turkish","100B"
"1575","UGBA","Undergraduate Business Administration","165"
"1576","UGBA","Undergraduate Business Administration","101B"
"1577","UGBA","Undergraduate Business Administration","167"
"1578","UGBA","Undergraduate Business Administration","170"
"1579","UGBA","Undergraduate Business Administration","101A"
"1580","UGBA","Undergraduate Business Administration","121"
"1581","UGBA","Undergraduate Business Administration","122"
"1582","UGBA","Undergraduate Business Administration","126"
"1583","UGBA","Undergraduate Business Administration","128"
"1584","UGBA","Undergraduate Business Administration","131"
"1585","UGBA","Undergraduate Business Administration","132"
"1586","UGBA","Undergraduate Business Administration","133"
"1587","UGBA","Undergraduate Business Administration","10"
"1588","UGBA","Undergraduate Business Administration","100"
"1589","UGBA","Undergraduate Business Administration","157"
"1590","UGBA","Undergraduate Business Administration","160"
"1591","UGBA","Undergraduate Business Administration","C172"
"1592","UGBA","Undergraduate Business Administration","102A"
"1593","UGBA","Undergraduate Business Administration","102B"
"1594","UGBA","Undergraduate Business Administration","178"
"1595","UGBA","Undergraduate Business Administration","183"
"1596","UGBA","Undergraduate Business Administration","136F"
"1597","UGBA","Undergraduate Business Administration","137"
"1598","UGBA","Undergraduate Business Administration","141"
"1599","UGBA","Undergraduate Business Administration","151"
"1600","UGBA","Undergraduate Business Administration","152"
"1601","UGBA","Undergraduate Business Administration","155"
"1602","UGBA","Undergraduate Business Administration","196"
"1603","UGBA","Undergraduate Business Administration","96"
"1604","UGBA","Undergraduate Business Administration","104"
"1605","UGBA","Undergraduate Business Administration","184"
"1606","UGBA","Undergraduate Business Administration","190T"
"1607","UGBA","Undergraduate Business Administration","103"
"1608","UGBA","Undergraduate Business Administration","192N"
"1609","UGBA","Undergraduate Business Administration","192T"
"1610","UGBA","Undergraduate Business Administration","195A"
"1611","UGBA","Undergraduate Business Administration","192A"
"1612","UGBA","Undergraduate Business Administration","106"
"1613","UGBA","Undergraduate Business Administration","107"
"1614","UGBA","Undergraduate Business Administration","115"
"1615","UGBA","Undergraduate Business Administration","120B"
"1616","UGBA","Undergraduate Business Administration","119"
"1617","UGBA","Undergraduate Business Administration","105"
"1618","UGBA","Undergraduate Business Administration","118"
"1619","UGIS","Undergraduate and Interdisciplinary Studies","156"
"1620","UGIS","Undergraduate and Interdisciplinary Studies","112"
"1621","UGIS","Undergraduate and Interdisciplinary Studies","C155"
"1622","UGIS","Undergraduate and Interdisciplinary Studies","187"
"1623","UGIS","Undergraduate and Interdisciplinary Studies","140"
"1624","UGIS","Undergraduate and Interdisciplinary Studies","188"
"1625","UGIS","Undergraduate and Interdisciplinary Studies","198"
"1626","UGIS","Undergraduate and Interdisciplinary Studies","82"
"1627","UGIS","Undergraduate and Interdisciplinary Studies","98"
"1628","VIETNMS","Vietnamese","100B"
"1629","VIETNMS","Vietnamese","1B"
"1630","VIETNMS","Vietnamese","101B"
"1631","VIS SCI","Vision Science","24"
"1632","VIS SCI","Vision Science","199"
"1633","VIS SCI","Vision Science","84"
"1634","YIDDISH","Yiddish","102"
